{"signals_classification": {"JePatchTST_True_True": 0.5536999106407166, "JePatchTST_True_False": 0.7727060914039612, "JePatchTST_False_False": 0.8892349600791931}}