{"signals_classification": {"JePatchTST_True_True": 0.5608821739286098, "JePatchTST_True_False": 0.8201997780244173, "JePatchTST_False_False": 0.9150585371093051}}