{"signals_classification": {"JePatchTST_True_True": 0.8757652640342712, "JePatchTST_True_False": 0.8990548253059387, "JePatchTST_False_False": 0.9281801581382751}}