{"signals_classification": {"JePatchTST_True_True": 0.6533333333333333, "JePatchTST_True_False": 0.7466666666666667, "JePatchTST_False_False": 0.8}}