{"signals_classification": {"JePatchTST_True_True": 0.7133333086967468, "JePatchTST_True_False": 0.8199999928474426, "JePatchTST_False_False": 0.8866666555404663}}