{"signals_classification": {"JePatchTST_True_True": 0.4410869643048942, "JePatchTST_True_False": 0.5938741899681358, "JePatchTST_False_False": 0.8089398875801082}}