{"signals_classification": {"JePatchTST_True_True": 0.4437224864959717, "JePatchTST_True_False": 0.6869115233421326, "JePatchTST_False_False": 0.822790265083313}}