{"signals_classification": {"JePatchTST_True_True": 0.7989689111709595, "JePatchTST_True_False": 0.7671762704849243, "JePatchTST_False_False": 0.8715406060218811}}