{"signals_classification": {"JePatchTST_True_True": 0.64708411693573, "JePatchTST_True_False": 0.7162495851516724, "JePatchTST_False_False": 0.8810009956359863}}