{"signals_classification": {"JePatchTST_True_True": 0.6311804088647023, "JePatchTST_True_False": 0.7275607747663886, "JePatchTST_False_False": 0.8887257885503562}}