{"signals_classification": {"JePatchTST_True_True": 0.8650245070457458, "JePatchTST_True_False": 0.7804589867591858, "JePatchTST_False_False": 0.8684436678886414}}