{"signals_classification": {"JEPAtchTST_True_True": 0.7400000095367432, "JEPAtchTST_True_False": 0.800000011920929, "JEPAtchTST_False_False": 0.9066666960716248}}