{"signals_classification": {"JePatchTST_True_True": 0.653333306312561, "JePatchTST_True_False": 0.7666666507720947, "JePatchTST_False_False": 0.8533333539962769}}