{"signals_classification": {"JePatchTST_True_True": 0.5466666666666666, "JePatchTST_True_False": 0.7133333333333334, "JePatchTST_False_False": 0.7466666666666667}}