{"etth1": {"JePatchTST_True_False": 0.4586881569453648, "JePatchTST_False_False": 0.4823294196810041, "JePatchTST_True_True": 0.4607977547815868}, "etth2": {"JePatchTST_True_True": 0.20903174046959197, "JePatchTST_True_False": 0.19143970789653914, "JePatchTST_False_False": 0.2056263866169112}, "ettm1": {"JePatchTST_True_True": 0.44475051056254994, "JePatchTST_True_False": 0.44568764757026325, "JePatchTST_False_False": 0.47630969285964964}, "ettm2": {"JePatchTST_True_True": 0.11560111547058279, "JePatchTST_True_False": 0.14512187445705588, "JePatchTST_False_False": 0.13006867935711688}, "weather": {"JePatchTST_True_True": 0.18649745387275043, "JePatchTST_True_False": 0.2455346976838461, "JePatchTST_False_False": 0.20671248617695598}, "etth1_univariate": {"JePatchTST_True_True": 0.10682072969419616, "JePatchTST_True_False": 0.15822793596557208, "JePatchTST_False_False": 0.21804697811603546}, "etth2_univariate": {"JePatchTST_True_True": 0.28386527246662546, "JePatchTST_True_False": 0.2748545397605215, "JePatchTST_False_False": 0.27831220041428295}, "ettm1_univariate": {"JePatchTST_True_True": 0.05493402975526723, "JePatchTST_True_False": 0.09990009978752244, "JePatchTST_False_False": 0.07663815478709611}, "ettm2_univariate": {"JePatchTST_True_True": 0.13998041307045656, "JePatchTST_True_False": 0.2058997591110793, "JePatchTST_False_False": 0.14088627675717527}, "national_illness_univariate": {"JePatchTST_True_True": 4.181061744689941, "JePatchTST_True_False": 3.112234592437744, "JePatchTST_False_False": 3.8256070613861084}, "national_illness": {"JePatchTST_True_True": 3.838862180709839, "JePatchTST_True_False": 3.2724268436431885, "JePatchTST_False_False": 3.6814301013946533}, "exchange_rate_univariate": {"JePatchTST_True_True": 0.07974056589106719, "JePatchTST_True_False": 0.15846883691847324, "JePatchTST_False_False": 0.2014677378659447}, "exchange_rate": {"JePatchTST_True_True": 0.10686662172277768, "JePatchTST_True_False": 0.24728229517738023, "JePatchTST_False_False": 0.16183452929059663}}