{"etth1": {"JePatchTST_True_False": 0.4574357292481831, "JePatchTST_False_False": 0.46503197721072603, "JePatchTST_True_True": 0.47427089725221905}, "etth2": {"JePatchTST_True_True": 0.22603095216410501, "JePatchTST_True_False": 0.1805634589067527, "JePatchTST_False_False": 0.18833027513963835}, "ettm1": {"JePatchTST_True_True": 0.43712078522552145, "JePatchTST_True_False": 0.41178090247240934, "JePatchTST_False_False": 0.42929273464462975}, "ettm2": {"JePatchTST_True_True": 0.11794287691062147, "JePatchTST_True_False": 0.11821314157410101, "JePatchTST_False_False": 0.11634023880416697}}