{"etth1": {"JEPAtchTST_True_False": 0.45265379548072815, "JEPAtchTST_False_False": 0.4279983341693878, "JEPAtchTST_True_True": 0.44897061586380005, "JEPAtchTST_True_True_revin": 0.4420274496078491, "JEPAtchTST_True_False_revin": 0.4577401578426361, "JEPAtchTST_False_False_revin": 0.4500727355480194}, "etth2": {"JEPAtchTST_True_True": 0.23261266946792603, "JEPAtchTST_True_False": 0.19382734596729279, "JEPAtchTST_False_False": 0.23059795796871185, "JEPAtchTST_True_True_revin": 0.1933862268924713, "JEPAtchTST_True_False_revin": 0.18863217532634735, "JEPAtchTST_False_False_revin": 0.18974734842777252}, "ettm1": {"JEPAtchTST_True_True": 0.41208794713020325, "JEPAtchTST_True_False": 0.41304123401641846, "JEPAtchTST_False_False": 0.41665977239608765, "JEPAtchTST_True_True_revin": 0.3984225392341614, "JEPAtchTST_True_False_revin": 0.4170045852661133, "JEPAtchTST_False_False_revin": 0.4060140550136566}, "ettm2": {"JEPAtchTST_True_True": 0.12404869496822357, "JEPAtchTST_True_False": 0.14452286064624786, "JEPAtchTST_False_False": 0.12277086824178696, "JEPAtchTST_True_True_revin": 0.11487657576799393, "JEPAtchTST_True_False_revin": 0.11852768063545227, "JEPAtchTST_False_False_revin": 0.11794103682041168}, "weather": {"JEPAtchTST_True_True": 0.18133680522441864, "JEPAtchTST_True_False": 0.20393237471580505, "JEPAtchTST_False_False": 0.18518124520778656, "JEPAtchTST_True_True_revin": 0.16552837193012238, "JEPAtchTST_True_False_revin": 0.1682039350271225, "JEPAtchTST_False_False_revin": 0.16502302885055542}, "etth1_univariate": {"JEPAtchTST_True_True": 0.12345200777053833, "JEPAtchTST_True_False": 0.16124550998210907, "JEPAtchTST_False_False": 0.1315324902534485, "JEPAtchTST_True_True_revin": 0.10952750593423843, "JEPAtchTST_True_False_revin": 0.10809655487537384, "JEPAtchTST_False_False_revin": 0.10733442008495331}, "etth2_univariate": {"JEPAtchTST_True_True": 0.31600427627563477, "JEPAtchTST_True_False": 0.30098381638526917, "JEPAtchTST_False_False": 0.2849476635456085, "JEPAtchTST_True_True_revin": 0.27151575684547424, "JEPAtchTST_True_False_revin": 0.2543904483318329, "JEPAtchTST_False_False_revin": 0.2575225532054901}, "ettm1_univariate": {"JEPAtchTST_True_True": 0.055086858570575714, "JEPAtchTST_True_False": 0.06573112308979034, "JEPAtchTST_False_False": 0.04893360659480095, "JEPAtchTST_True_True_revin": 0.04461321234703064, "JEPAtchTST_True_False_revin": 0.046071406453847885, "JEPAtchTST_False_False_revin": 0.04565497115254402}, "ettm2_univariate": {"JEPAtchTST_True_True": 0.14189603924751282, "JEPAtchTST_True_False": 0.18608097732067108, "JEPAtchTST_False_False": 0.13001178205013275, "JEPAtchTST_True_True_revin": 0.11701996624469757, "JEPAtchTST_True_False_revin": 0.12410499155521393, "JEPAtchTST_False_False_revin": 0.11622758954763412}, "national_illness_univariate": {"JEPAtchTST_True_True": 4.458857536315918, "JEPAtchTST_True_False": 3.6919567584991455, "JEPAtchTST_False_False": 4.276165962219238, "JEPAtchTST_True_True_revin": 2.147017002105713, "JEPAtchTST_True_False_revin": 2.3471322059631348, "JEPAtchTST_False_False_revin": 1.1517064571380615}, "national_illness": {"JEPAtchTST_True_True": 4.865426063537598, "JEPAtchTST_True_False": 4.16978645324707, "JEPAtchTST_False_False": 3.986337184906006, "JEPAtchTST_True_True_revin": 1.8283759355545044, "JEPAtchTST_True_False_revin": 2.1971898078918457, "JEPAtchTST_False_False_revin": 1.7691376209259033}, "exchange_rate_univariate": {"JEPAtchTST_True_True": 0.23557162284851074, "JEPAtchTST_True_False": 0.5139452815055847, "JEPAtchTST_False_False": 0.19822272658348083, "JEPAtchTST_True_True_revin": 0.11983287334442139, "JEPAtchTST_True_False_revin": 0.11267071217298508, "JEPAtchTST_False_False_revin": 0.1348510980606079}, "exchange_rate": {"JEPAtchTST_True_True": 0.1983712911605835, "JEPAtchTST_True_False": 0.5571006536483765, "JEPAtchTST_False_False": 0.16968610882759094, "JEPAtchTST_True_True_revin": 0.09889265894889832, "JEPAtchTST_True_False_revin": 0.09387630224227905, "JEPAtchTST_False_False_revin": 0.09366875886917114}, "weather_univariate": {"JEPAtchTST_True_True_revin": 0.0014290279941633344, "JEPAtchTST_True_False_revin": 0.001393830287270248, "JEPAtchTST_False_False_revin": 0.0014328471152111888, "JEPAtchTST_True_True": 0.005895117297768593, "JEPAtchTST_True_False": 0.0056682913564145565, "JEPAtchTST_False_False": 0.0053336829878389835}}