{"etth1": {"JePatchTST_True_False": 0.4574357292481831, "JePatchTST_False_False": 0.46503197721072603, "JePatchTST_True_True": 0.47427089725221905}}