{"etth1": {"JePatchTST_True_False": 0.46414846181869507, "JePatchTST_False_False": 0.4916001558303833, "JePatchTST_True_True": 0.4688524603843689, "JePatchTST_True_True_revin": 0.49740180373191833, "JePatchTST_True_False_revin": 0.464191734790802, "JePatchTST_False_False_revin": 0.4696110486984253}, "etth2": {"JePatchTST_True_True": 0.2149619460105896, "JePatchTST_True_False": 0.1961207091808319, "JePatchTST_False_False": 0.21097756922245026, "JePatchTST_True_True_revin": 0.18188396096229553, "JePatchTST_True_False_revin": 0.17767497897148132, "JePatchTST_False_False_revin": 0.1876996010541916}, "ettm1": {"JePatchTST_True_True": 0.44188374280929565, "JePatchTST_True_False": 0.44175317883491516, "JePatchTST_False_False": 0.4725624918937683, "JePatchTST_True_True_revin": 0.4223700761795044, "JePatchTST_True_False_revin": 0.4479347765445709, "JePatchTST_False_False_revin": 0.45479416847229004}, "ettm2": {"JePatchTST_True_True": 0.11614381521940231, "JePatchTST_True_False": 0.14501631259918213, "JePatchTST_False_False": 0.13132935762405396, "JePatchTST_True_True_revin": 0.12239603698253632, "JePatchTST_True_False_revin": 0.1189906895160675, "JePatchTST_False_False_revin": 0.13936884701251984}, "weather": {"JePatchTST_True_True": 0.18773742020130157, "JePatchTST_True_False": 0.24673983454704285, "JePatchTST_False_False": 0.20711685717105865, "JePatchTST_True_True_revin": 0.1776745766401291, "JePatchTST_True_False_revin": 0.1732081025838852, "JePatchTST_False_False_revin": 0.17699769139289856}, "etth1_univariate": {"JePatchTST_True_True": 0.110538549721241, "JePatchTST_True_False": 0.1645897775888443, "JePatchTST_False_False": 0.2262835055589676, "JePatchTST_True_True_revin": 0.10254139453172684, "JePatchTST_True_False_revin": 0.10026226937770844, "JePatchTST_False_False_revin": 0.11747744679450989}, "etth2_univariate": {"JePatchTST_True_True": 0.2863449454307556, "JePatchTST_True_False": 0.274455189704895, "JePatchTST_False_False": 0.2815128266811371, "JePatchTST_True_True_revin": 0.2577177882194519, "JePatchTST_True_False_revin": 0.22771397233009338, "JePatchTST_False_False_revin": 0.25686943531036377}, "ettm1_univariate": {"JePatchTST_True_True": 0.05578954890370369, "JePatchTST_True_False": 0.10151661187410355, "JePatchTST_False_False": 0.07779551297426224, "JePatchTST_True_True_revin": 0.04503218084573746, "JePatchTST_True_False_revin": 0.04310217499732971, "JePatchTST_False_False_revin": 0.04678143933415413}, "ettm2_univariate": {"JePatchTST_True_True": 0.1420130431652069, "JePatchTST_True_False": 0.20706890523433685, "JePatchTST_False_False": 0.14237631857395172, "JePatchTST_True_True_revin": 0.10555170476436615, "JePatchTST_True_False_revin": 0.11535061150789261, "JePatchTST_False_False_revin": 0.10288126021623611}, "national_illness_univariate": {"JePatchTST_True_True": 4.181061744689941, "JePatchTST_True_False": 3.112234592437744, "JePatchTST_False_False": 3.8256072998046875, "JePatchTST_True_True_revin": 1.1120306253433228, "JePatchTST_True_False_revin": 1.2848889827728271, "JePatchTST_False_False_revin": 1.13058602809906}, "national_illness": {"JePatchTST_True_True": 3.8381154537200928, "JePatchTST_True_False": 3.2724294662475586, "JePatchTST_False_False": 3.681353807449341, "JePatchTST_True_True_revin": 1.6855484247207642, "JePatchTST_True_False_revin": 1.7706702947616577, "JePatchTST_False_False_revin": 1.558018445968628}, "exchange_rate_univariate": {"JePatchTST_True_True": 0.08363080024719238, "JePatchTST_True_False": 0.1667439490556717, "JePatchTST_False_False": 0.21530643105506897, "JePatchTST_True_True_revin": 0.10286625474691391, "JePatchTST_True_False_revin": 0.10003050416707993, "JePatchTST_False_False_revin": 0.10943622142076492}, "exchange_rate": {"JePatchTST_True_True": 0.10607577860355377, "JePatchTST_True_False": 0.25530847907066345, "JePatchTST_False_False": 0.16992799937725067, "JePatchTST_True_True_revin": 0.07392295449972153, "JePatchTST_True_False_revin": 0.06655987352132797, "JePatchTST_False_False_revin": 0.07532940804958344}, "weather_univariate": {"JePatchTST_True_True_revin": 0.0016666477313265204, "JePatchTST_True_False_revin": 0.0018071287777274847, "JePatchTST_False_False_revin": 0.0018467979971319437, "JePatchTST_True_True": 0.006141782738268375, "JePatchTST_True_False": 0.013147138059139252, "JePatchTST_False_False": 0.006778303999453783}}