{"etth1_univariate": {"JePatchTST_True_True": 0.12430005520582199, "JePatchTST_True_False": 0.21870039403438568, "JePatchTST_False_False": 0.17616283893585205, "JePatchTST_True_True_revin": 0.10546060651540756, "JePatchTST_True_False_revin": 0.1173301711678505, "JePatchTST_False_False_revin": 0.10600405186414719}, "etth1": {"JePatchTST_True_True": 0.4673859477043152, "JePatchTST_True_False": 0.9417201280593872, "JePatchTST_False_False": 0.46690359711647034, "JePatchTST_True_True_revin": 0.4609658718109131, "JePatchTST_True_False_revin": 0.7013152241706848, "JePatchTST_False_False_revin": 0.450574666261673}, "etth2": {"JePatchTST_True_True_revin": 0.1875026822090149, "JePatchTST_True_False_revin": 0.21840044856071472, "JePatchTST_False_False_revin": 0.19598618149757385, "JePatchTST_True_True": 0.21673297882080078, "JePatchTST_True_False": 0.4688178300857544, "JePatchTST_False_False": 0.1981985867023468}, "etth2_univariate": {"JePatchTST_True_True_revin": 0.24987512826919556, "JePatchTST_True_False_revin": 0.33633992075920105, "JePatchTST_False_False_revin": 0.24818411469459534, "JePatchTST_True_True": 0.2762136161327362, "JePatchTST_True_False": 0.4495352506637573, "JePatchTST_False_False": 0.2940024733543396}, "ettm1": {"JePatchTST_True_True_revin": 0.38558483123779297, "JePatchTST_True_False_revin": 0.7867820262908936, "JePatchTST_True_True": 0.39823734760284424, "JePatchTST_True_False": 1.0326383113861084, "JePatchTST_False_False": 0.39892715215682983, "JePatchTST_False_False_revin": 0.43481582403182983}, "ettm1_univariate": {"JePatchTST_True_True": 0.056725144386291504, "JePatchTST_True_False": 0.3879930078983307, "JePatchTST_False_False": 0.07741643488407135, "JePatchTST_True_True_revin": 0.04527430236339569, "JePatchTST_True_False_revin": 0.06794241070747375, "JePatchTST_False_False_revin": 0.04858553782105446}, "ettm2": {"JePatchTST_True_True": 0.1252293735742569, "JePatchTST_True_False": 0.761867880821228, "JePatchTST_False_False": 0.12441270798444748, "JePatchTST_True_True_revin": 0.11979948729276657, "JePatchTST_True_False_revin": 0.1717969924211502, "JePatchTST_False_False_revin": 0.12570026516914368}, "ettm2_univariate": {"JePatchTST_True_True": 0.13357336819171906, "JePatchTST_True_False": 0.6419763565063477, "JePatchTST_False_False": 0.13885892927646637, "JePatchTST_True_True_revin": 0.1170412227511406, "JePatchTST_True_False_revin": 0.20825926959514618, "JePatchTST_False_False_revin": 0.12111398577690125}, "exchange_rate": {"JePatchTST_True_True": 0.22947648167610168, "JePatchTST_True_False": 0.9796934127807617, "JePatchTST_False_False": 0.14030349254608154, "JePatchTST_True_True_revin": 0.09809240698814392, "JePatchTST_True_False_revin": 0.11256226152181625, "JePatchTST_False_False_revin": 0.08958534896373749}, "exchange_rate_univariate": {"JePatchTST_True_True": 0.1836351603269577, "JePatchTST_True_False": 0.9414563775062561, "JePatchTST_False_False": 0.6855053305625916, "JePatchTST_True_True_revin": 0.123436838388443, "JePatchTST_True_False_revin": 0.1430637091398239, "JePatchTST_False_False_revin": 0.12340102344751358}, "weather": {"JePatchTST_True_True": 0.18557852506637573, "JePatchTST_True_False": 0.4246976971626282, "JePatchTST_False_False": 0.17049020528793335, "JePatchTST_True_True_revin": 0.15942342579364777, "JePatchTST_True_False_revin": 0.21490420401096344, "JePatchTST_False_False_revin": 0.1589587777853012}, "weather_univariate": {"JePatchTST_True_True": 0.005780231207609177, "JePatchTST_True_False": 0.005787380505353212, "JePatchTST_False_False": 0.005911594722419977, "JePatchTST_True_True_revin": 0.001378818298690021, "JePatchTST_True_False_revin": 0.0013112162705510855, "JePatchTST_False_False_revin": 0.0013973336899653077}, "national_illness": {"JePatchTST_True_True": 5.486466884613037, "JePatchTST_True_False": 5.064611434936523, "JePatchTST_False_False": 4.434481620788574, "JePatchTST_True_True_revin": 4.398545265197754, "JePatchTST_True_False_revin": 3.1646993160247803, "JePatchTST_False_False_revin": 2.6626226902008057}, "national_illness_univariate": {"JePatchTST_True_True": 4.452092170715332, "JePatchTST_True_False": 4.772576808929443, "JePatchTST_False_False": 4.225203037261963, "JePatchTST_True_True_revin": 2.6103086471557617, "JePatchTST_True_False_revin": 2.269266366958618, "JePatchTST_False_False_revin": 2.474531650543213}}