{"etth1": {"JePatchTST_True_True": 0.5069859027862549, "JePatchTST_True_False": 0.5027574300765991, "JePatchTST_False_False": 0.46669480204582214, "JePatchTST_True_True_revin": 0.5034412145614624, "JePatchTST_True_False_revin": 0.5248605608940125, "JePatchTST_False_False_revin": 0.4720035791397095}, "etth2": {"JePatchTST_True_True": 0.21959012746810913, "JePatchTST_True_False": 0.26585692167282104, "JePatchTST_False_False": 0.20280271768569946, "JePatchTST_True_True_revin": 0.19410847127437592, "JePatchTST_True_False_revin": 0.1971469670534134, "JePatchTST_False_False_revin": 0.19159211218357086}, "ettm1_univariate": {"JePatchTST_True_True": 0.055775247514247894, "JePatchTST_True_False": 0.09040092676877975, "JePatchTST_False_False": 0.049504779279232025, "JePatchTST_True_True_revin": 0.04701508581638336, "JePatchTST_True_False_revin": 0.04829339310526848, "JePatchTST_False_False_revin": 0.047715481370687485}, "ettm2_univariate": {"JePatchTST_True_True": 0.16275043785572052, "JePatchTST_True_False": 0.24790222942829132, "JePatchTST_False_False": 0.1442057341337204, "JePatchTST_True_True_revin": 0.14956742525100708, "JePatchTST_True_False_revin": 0.16359582543373108, "JePatchTST_False_False_revin": 0.136892631649971}, "ettm1": {"JePatchTST_True_True": 0.5478671789169312, "JePatchTST_True_False": 0.5563958883285522, "JePatchTST_False_False": 0.5073846578598022, "JePatchTST_True_True_revin": 0.6126218438148499, "JePatchTST_True_False_revin": 0.6690759658813477, "JePatchTST_False_False_revin": 0.5610088109970093}, "ettm2": {"JePatchTST_True_True": 0.15005318820476532, "JePatchTST_True_False": 0.19813427329063416, "JePatchTST_False_False": 0.14592932164669037, "JePatchTST_True_True_revin": 0.13752056658267975, "JePatchTST_True_False_revin": 0.14356884360313416, "JePatchTST_False_False_revin": 0.1369183510541916}, "etth1_univariate": {"JePatchTST_True_True": 0.1203182265162468, "JePatchTST_True_False": 0.15798860788345337, "JePatchTST_False_False": 0.13174207508563995, "JePatchTST_True_True_revin": 0.12251017987728119, "JePatchTST_True_False_revin": 0.12053144723176956, "JePatchTST_False_False_revin": 0.11915846914052963}, "etth2_univariate": {"JePatchTST_True_True": 0.3966485857963562, "JePatchTST_True_False": 0.3792271316051483, "JePatchTST_False_False": 0.3152977228164673, "JePatchTST_True_True_revin": 0.2972869575023651, "JePatchTST_True_False_revin": 0.3219568133354187, "JePatchTST_False_False_revin": 0.29572558403015137}, "exchange_rate": {"JePatchTST_True_True": 0.1932288408279419, "JePatchTST_True_False": 0.32830074429512024, "JePatchTST_False_False": 0.20587840676307678, "JePatchTST_True_True_revin": 0.08487629145383835, "JePatchTST_True_False_revin": 0.08825118094682693, "JePatchTST_False_False_revin": 0.08777187764644623}, "exchange_rate_univariate": {"JePatchTST_True_True": 0.21056580543518066, "JePatchTST_True_False": 0.2525240480899811, "JePatchTST_False_False": 0.1695014089345932, "JePatchTST_True_True_revin": 0.09938337653875351, "JePatchTST_True_False_revin": 0.09745603054761887, "JePatchTST_False_False_revin": 0.09716356545686722}, "weather": {"JePatchTST_True_True": 0.2660588026046753, "JePatchTST_True_False": 0.3684301972389221, "JePatchTST_False_False": 0.2735861539840698, "JePatchTST_True_True_revin": 0.20363537967205048, "JePatchTST_True_False_revin": 0.23768702149391174, "JePatchTST_False_False_revin": 0.2163453847169876}, "weather_univariate": {"JePatchTST_True_True": 0.005804518237709999, "JePatchTST_True_False": 0.0058403583243489265, "JePatchTST_False_False": 0.005958750378340483, "JePatchTST_True_True_revin": 0.0014302663039416075, "JePatchTST_True_False_revin": 0.0014395839534699917, "JePatchTST_False_False_revin": 0.0013979714130982757}, "national_illness": {"JePatchTST_True_True": 5.405547618865967, "JePatchTST_True_False": 5.003234386444092, "JePatchTST_False_False": 4.554370403289795, "JePatchTST_True_True_revin": 4.527648448944092, "JePatchTST_True_False_revin": 3.288032293319702, "JePatchTST_False_False_revin": 2.84560227394104}, "national_illness_univariate": {"JePatchTST_True_True": 4.7121148109436035, "JePatchTST_True_False": 4.404743671417236, "JePatchTST_False_False": 4.68625020980835, "JePatchTST_True_True_revin": 1.422239065170288, "JePatchTST_True_False_revin": 1.0643507242202759, "JePatchTST_False_False_revin": 1.0655012130737305}}