{"etth1_univariate": {"JePatchTST_True_True": 0.10745062093649592, "JePatchTST_True_False": 0.47076811109270367, "JePatchTST_False_False": 0.16665123775601387, "JePatchTST_True_True_revin": 0.09408848453313112, "JePatchTST_True_False_revin": 0.11747021307902676, "JePatchTST_False_False_revin": 0.12248270053948675}, "etth1": {"JePatchTST_True_True": 0.4473283290863037, "JePatchTST_True_False": 1.1778132447174616, "JePatchTST_False_False": 0.4573474313531603, "JePatchTST_True_True_revin": 0.449928988303457, "JePatchTST_True_False_revin": 1.2345484495162964, "JePatchTST_False_False_revin": 0.4697823247739247}, "etth2": {"JePatchTST_True_True_revin": 0.1706352388220174, "JePatchTST_True_False_revin": 0.2324796707502433, "JePatchTST_False_False_revin": 0.1957439019211701}, "etth2_univariate": {"JePatchTST_True_True_revin": 0.21724401361175946, "JePatchTST_True_False_revin": 0.3386347379003252, "JePatchTST_False_False_revin": 0.33534727671316694}, "ettm1": {"JePatchTST_True_True_revin": 0.41713167239319193, "JePatchTST_True_False_revin": 0.951197682727467}}