{"etth10.2": {"JEPAtchTST_True_True_revin": 0.6850069761276245, "JEPAtchTST_True_False_revin": 0.700934648513794, "JEPAtchTST_False_False_revin": 0.7002511024475098}, "etth10.5": {"JEPAtchTST_True_True_revin": 0.4663936495780945, "JEPAtchTST_True_False_revin": 0.45464420318603516, "JEPAtchTST_False_False_revin": 0.44296562671661377}, "etth10.8": {"JEPAtchTST_True_True_revin": 0.4837510585784912, "JEPAtchTST_True_False_revin": 0.4837714731693268, "JEPAtchTST_False_False_revin": 0.48036277294158936}, "etth11.0": {"JEPAtchTST_True_True_revin": 0.4420274496078491, "JEPAtchTST_True_False_revin": 0.4577401578426361, "JEPAtchTST_False_False_revin": 0.4500727355480194}, "national_illness0.3": {"JEPAtchTST_True_True_revin": 8.116266250610352, "JEPAtchTST_True_False_revin": 7.507115364074707, "JEPAtchTST_False_False_revin": 7.5551652908325195}, "national_illness0.5": {"JEPAtchTST_True_True_revin": 3.913830518722534, "JEPAtchTST_True_False_revin": 3.47957181930542, "JEPAtchTST_False_False_revin": 3.624697208404541}, "national_illness0.8": {"JEPAtchTST_True_True_revin": 1.9621323347091675, "JEPAtchTST_True_False_revin": 2.2433605194091797, "JEPAtchTST_False_False_revin": 1.9161714315414429}, "national_illness1.0": {"JEPAtchTST_True_True_revin": 1.8283759355545044, "JEPAtchTST_True_False_revin": 2.1971898078918457, "JEPAtchTST_False_False_revin": 1.7691376209259033}, "etth20.2": {"JEPAtchTST_True_True_revin": 0.6473366618156433, "JEPAtchTST_True_False_revin": 0.6433643698692322, "JEPAtchTST_False_False_revin": 0.6213627457618713}, "etth20.5": {"JEPAtchTST_True_True_revin": 0.20206478238105774, "JEPAtchTST_True_False_revin": 0.2080274075269699, "JEPAtchTST_False_False_revin": 0.20445282757282257}, "etth20.8": {"JEPAtchTST_True_True_revin": 0.19005002081394196, "JEPAtchTST_True_False_revin": 0.19476164877414703, "JEPAtchTST_False_False_revin": 0.18933075666427612}, "etth21.0": {"JEPAtchTST_True_True_revin": 0.1933862268924713, "JEPAtchTST_True_False_revin": 0.18863217532634735, "JEPAtchTST_False_False_revin": 0.18974734842777252}, "ettm10.2": {"JEPAtchTST_True_True_revin": 0.5505266189575195, "JEPAtchTST_True_False_revin": 0.6097232103347778, "JEPAtchTST_False_False_revin": 0.5937551259994507}, "ettm10.5": {"JEPAtchTST_True_True_revin": 0.3695296049118042, "JEPAtchTST_True_False_revin": 0.36442694067955017, "JEPAtchTST_False_False_revin": 0.3601044714450836}, "ettm10.8": {"JEPAtchTST_True_True_revin": 0.40515321493148804, "JEPAtchTST_True_False_revin": 0.42184028029441833, "JEPAtchTST_False_False_revin": 0.4162787199020386}, "ettm11.0": {"JEPAtchTST_True_True_revin": 0.3984225392341614, "JEPAtchTST_True_False_revin": 0.4170045852661133, "JEPAtchTST_False_False_revin": 0.4060140550136566}, "ettm20.2": {"JEPAtchTST_True_True_revin": 0.3826482594013214, "JEPAtchTST_True_False_revin": 0.3955000340938568, "JEPAtchTST_False_False_revin": 0.39420178532600403}, "ettm20.5": {"JEPAtchTST_True_True_revin": 0.11893335729837418, "JEPAtchTST_True_False_revin": 0.12065660208463669, "JEPAtchTST_False_False_revin": 0.11895019561052322}, "ettm20.8": {"JEPAtchTST_True_True_revin": 0.11783970147371292, "JEPAtchTST_True_False_revin": 0.12050814926624298, "JEPAtchTST_False_False_revin": 0.11849313229322433}, "ettm21.0": {"JEPAtchTST_True_True_revin": 0.11487657576799393, "JEPAtchTST_True_False_revin": 0.11852768063545227, "JEPAtchTST_False_False_revin": 0.11794103682041168}, "exchange_rate0.2": {"JEPAtchTST_True_True_revin": 0.42087695002555847, "JEPAtchTST_True_False_revin": 0.25077012181282043, "JEPAtchTST_False_False_revin": 0.23084883391857147}, "exchange_rate0.5": {"JEPAtchTST_True_True_revin": 0.14312700927257538, "JEPAtchTST_True_False_revin": 0.11786580830812454, "JEPAtchTST_False_False_revin": 0.10328071564435959}, "exchange_rate0.8": {"JEPAtchTST_True_True_revin": 0.1117447018623352, "JEPAtchTST_True_False_revin": 0.1080293282866478, "JEPAtchTST_False_False_revin": 0.10519890487194061}, "exchange_rate1.0": {"JEPAtchTST_True_True_revin": 0.09889265894889832, "JEPAtchTST_True_False_revin": 0.09387630224227905, "JEPAtchTST_False_False_revin": 0.09366875886917114}}