{"etth1": {"JePatchTST_True_False": 0.4586881569453648, "JePatchTST_False_False": 0.4823294196810041, "JePatchTST_True_True": 0.4607977547815868, "JePatchTST_True_True_revin": 0.4893396369048527, "JePatchTST_True_False_revin": 0.4574404401438577, "JePatchTST_False_False_revin": 0.46049560606479645}, "etth2": {"JePatchTST_True_True": 0.20903174046959197, "JePatchTST_True_False": 0.19143970789653914, "JePatchTST_False_False": 0.2056263866169112, "JePatchTST_True_True_revin": 0.17848812442805087, "JePatchTST_True_False_revin": 0.1736384393381221, "JePatchTST_False_False_revin": 0.18385135382413864}, "ettm1": {"JePatchTST_True_True": 0.44475051056254994, "JePatchTST_True_False": 0.44568764757026325, "JePatchTST_False_False": 0.47630969285964964, "JePatchTST_True_True_revin": 0.4221336153420535, "JePatchTST_True_False_revin": 0.45301937786015595, "JePatchTST_False_False_revin": 0.4569299031387676}, "ettm2": {"JePatchTST_True_True": 0.11560111547058279, "JePatchTST_True_False": 0.14512187445705588, "JePatchTST_False_False": 0.13006867935711688, "JePatchTST_True_True_revin": 0.12165945673530752, "JePatchTST_True_False_revin": 0.11865479695526036, "JePatchTST_False_False_revin": 0.13847773650830442}, "weather": {"JePatchTST_True_True": 0.18649745387275043, "JePatchTST_True_False": 0.2455346976838461, "JePatchTST_False_False": 0.20671248617695598}, "etth1_univariate": {"JePatchTST_True_True": 0.10682072969419616, "JePatchTST_True_False": 0.15822793596557208, "JePatchTST_False_False": 0.21804697811603546, "JePatchTST_True_True_revin": 0.10054132395556994, "JePatchTST_True_False_revin": 0.09927202654736382, "JePatchTST_False_False_revin": 0.11808682206485953}, "etth2_univariate": {"JePatchTST_True_True": 0.28386527246662546, "JePatchTST_True_False": 0.2748545397605215, "JePatchTST_False_False": 0.27831220041428295, "JePatchTST_True_True_revin": 0.2618760216448988, "JePatchTST_True_False_revin": 0.22809753566980362, "JePatchTST_False_False_revin": 0.25942731914775713}, "ettm1_univariate": {"JePatchTST_True_True": 0.05493402975526723, "JePatchTST_True_False": 0.09990009978752244, "JePatchTST_False_False": 0.07663815478709611, "JePatchTST_True_True_revin": 0.0443399582142857, "JePatchTST_True_False_revin": 0.042570793484760956, "JePatchTST_False_False_revin": 0.046131465990434994}, "ettm2_univariate": {"JePatchTST_True_True": 0.13998041307045656, "JePatchTST_True_False": 0.2058997591110793, "JePatchTST_False_False": 0.14088627675717527, "JePatchTST_True_True_revin": 0.10425692474977537, "JePatchTST_True_False_revin": 0.1145862915976481, "JePatchTST_False_False_revin": 0.10142506096850742}, "national_illness_univariate": {"JePatchTST_True_True": 4.181061744689941, "JePatchTST_True_False": 3.112234592437744, "JePatchTST_False_False": 3.8256070613861084}, "national_illness": {"JePatchTST_True_True": 3.838862180709839, "JePatchTST_True_False": 3.2724268436431885, "JePatchTST_False_False": 3.6814301013946533}, "exchange_rate_univariate": {"JePatchTST_True_True": 0.07974056589106719, "JePatchTST_True_False": 0.15846883691847324, "JePatchTST_False_False": 0.2014677378659447, "JePatchTST_True_True_revin": 0.0997023954987526, "JePatchTST_True_False_revin": 0.09683491289615631, "JePatchTST_False_False_revin": 0.10625732938448589}, "exchange_rate": {"JePatchTST_True_True": 0.10686662172277768, "JePatchTST_True_False": 0.24728229517738023, "JePatchTST_False_False": 0.16183452929059663, "JePatchTST_True_True_revin": 0.07627133404215176, "JePatchTST_True_False_revin": 0.0675329112758239, "JePatchTST_False_False_revin": 0.07663981926937898}}