{"etth1": {"JePatchTST_True_True": 0.512409371989114, "JePatchTST_True_False": 0.5054538654429572, "JePatchTST_False_False": 0.46195268418107716, "JePatchTST_True_True_revin": 0.5006513276270458, "JePatchTST_True_False_revin": 0.521106094121933, "JePatchTST_False_False_revin": 0.46609616918223246}, "etth2": {"JePatchTST_True_True": 0.20169941389134952, "JePatchTST_True_False": 0.21384957592402185, "JePatchTST_False_False": 0.1822871363588742, "JePatchTST_True_True_revin": 0.1707180490983384, "JePatchTST_True_False_revin": 0.17802149350089685, "JePatchTST_False_False_revin": 0.17374256998300552}, "ettm1_univariate": {"JePatchTST_True_True": 0.04841311111707579, "JePatchTST_True_False": 0.09145349474115805, "JePatchTST_False_False": 0.052843912453813986, "JePatchTST_True_True_revin": 0.04125617327676578, "JePatchTST_True_False_revin": 0.04246511493216861, "JePatchTST_False_False_revin": 0.0418107598004016}, "ettm2_univariate": {"JePatchTST_True_True": 0.14394407042048193, "JePatchTST_True_False": 0.23162995874881745, "JePatchTST_False_False": 0.13094070106744765, "JePatchTST_True_True_revin": 0.1311502339826389, "JePatchTST_True_False_revin": 0.14501495117490942, "JePatchTST_False_False_revin": 0.12253569960594177}, "ettm1": {"JePatchTST_True_True": 0.5368951531973752, "JePatchTST_True_False": 0.5425967043096369, "JePatchTST_False_False": 0.49926839037375015, "JePatchTST_True_True_revin": 0.6263238993558017, "JePatchTST_True_False_revin": 0.6538429899649186, "JePatchTST_False_False_revin": 0.5596846309575167}, "ettm2": {"JePatchTST_True_True": 0.13782825395464898, "JePatchTST_True_False": 0.17334055399352855, "JePatchTST_False_False": 0.12992692698131908, "JePatchTST_True_True_revin": 0.12596097243103113, "JePatchTST_True_False_revin": 0.13107339387590236, "JePatchTST_False_False_revin": 0.12499056831002235}, "etth1_univariate": {"JePatchTST_True_True": 0.10424812816615615, "JePatchTST_True_False": 0.1914066251899515, "JePatchTST_False_False": 0.18452321019555842, "JePatchTST_True_True_revin": 0.10134554468095303, "JePatchTST_True_False_revin": 0.10307297669351101, "JePatchTST_False_False_revin": 0.10228407755494118}, "etth2_univariate": {"JePatchTST_True_True": 0.35655670666268896, "JePatchTST_True_False": 0.34727175320897785, "JePatchTST_False_False": 0.3047931604087353, "JePatchTST_True_True_revin": 0.2606394099337714, "JePatchTST_True_False_revin": 0.2717622295022011, "JePatchTST_False_False_revin": 0.2586178332567215}, "exchange_rate": {"JePatchTST_True_True": 0.08904018501440684, "JePatchTST_True_False": 0.1797159252067407, "JePatchTST_False_False": 0.15336043139298758, "JePatchTST_True_True_revin": 0.05689467551807562, "JePatchTST_True_False_revin": 0.06005032236377398, "JePatchTST_False_False_revin": 0.05882300498584906}, "exchange_rate_univariate": {"JePatchTST_True_True": 0.08156260289251804, "JePatchTST_True_False": 0.13869652897119522, "JePatchTST_False_False": 0.08038712354997794, "JePatchTST_True_True_revin": 0.0738963782787323, "JePatchTST_True_False_revin": 0.07280466643472512, "JePatchTST_False_False_revin": 0.0744732345143954}, "weather": {"JePatchTST_True_True": 0.26468481886677625, "JePatchTST_True_False": 0.36844437224109, "JePatchTST_False_False": 0.2830277383327484, "JePatchTST_True_True_revin": 0.19740838948182943, "JePatchTST_True_False_revin": 0.23601384315548873, "JePatchTST_False_False_revin": 0.23327142981494345}, "weather_univariate": {"JePatchTST_True_True": 0.00611485592756852, "JePatchTST_True_False": 0.006168219725112998, "JePatchTST_False_False": 0.006109079803913695, "JePatchTST_True_True_revin": 0.0017760836770587668, "JePatchTST_True_False_revin": 0.0016537960696817807, "JePatchTST_False_False_revin": 0.0016017778724767041}, "national_illness": {"JePatchTST_True_True": 5.211081504821777, "JePatchTST_True_False": 5.239290714263916, "JePatchTST_False_False": 4.539080619812012, "JePatchTST_True_True_revin": 4.245203018188477, "JePatchTST_True_False_revin": 3.489814043045044, "JePatchTST_False_False_revin": 2.9880588054656982}, "national_illness_univariate": {"JePatchTST_True_True": 4.431843280792236, "JePatchTST_True_False": 4.854428768157959, "JePatchTST_False_False": 4.515575885772705, "JePatchTST_True_True_revin": 1.2150839567184448, "JePatchTST_True_False_revin": 1.2771937847137451, "JePatchTST_False_False_revin": 1.0468624830245972}}