{"etth1_univariate": {"JePatchTST_True_True": 0.11102470010519028, "JePatchTST_True_False": 0.4866364896297455, "JePatchTST_False_False": 0.17136676609516144, "JePatchTST_True_True_revin": 0.09621033072471619, "JePatchTST_True_False_revin": 0.12130870670080185, "JePatchTST_False_False_revin": 0.12492318451404572}, "etth1": {"JePatchTST_True_True": 0.4534720778465271, "JePatchTST_True_False": 1.1702041625976562, "JePatchTST_False_False": 0.466216117143631, "JePatchTST_True_True_revin": 0.4584532380104065, "JePatchTST_True_False_revin": 1.23076593875885, "JePatchTST_False_False_revin": 0.47813525795936584}, "etth2": {"JePatchTST_True_True_revin": 0.17405006289482117, "JePatchTST_True_False_revin": 0.2378329038619995, "JePatchTST_False_False_revin": 0.2004288136959076, "JePatchTST_True_True": 0.20083710551261902, "JePatchTST_True_False": 0.7449144721031189, "JePatchTST_False_False": 0.2085862159729004}, "etth2_univariate": {"JePatchTST_True_True_revin": 0.21670091152191162, "JePatchTST_True_False_revin": 0.3419286906719208, "JePatchTST_False_False_revin": 0.3378608524799347, "JePatchTST_True_True": 0.26362529397010803, "JePatchTST_True_False": 0.799847424030304, "JePatchTST_False_False": 0.26906919479370117}, "ettm1": {"JePatchTST_True_True_revin": 0.41451218724250793, "JePatchTST_True_False_revin": 0.9484291076660156, "JePatchTST_True_True": 0.4030841290950775, "JePatchTST_True_False": 1.192360758781433, "JePatchTST_False_False": 0.46830594539642334, "JePatchTST_False_False_revin": 0.4809621572494507}, "ettm1_univariate": {"JePatchTST_True_True": 0.05113974213600159, "JePatchTST_True_False": 0.5255375504493713, "JePatchTST_False_False": 0.0735490545630455, "JePatchTST_True_True_revin": 0.04274478554725647, "JePatchTST_True_False_revin": 0.0713668093085289, "JePatchTST_False_False_revin": 0.057877376675605774}, "ettm2": {"JePatchTST_True_True": 0.11393648386001587, "JePatchTST_True_False": 0.8055405616760254, "JePatchTST_False_False": 0.12641914188861847, "JePatchTST_True_True_revin": 0.11597901582717896, "JePatchTST_True_False_revin": 0.19850072264671326, "JePatchTST_False_False_revin": 0.1485612690448761}, "ettm2_univariate": {"JePatchTST_True_True": 0.11713992059230804, "JePatchTST_True_False": 0.6848174929618835, "JePatchTST_False_False": 0.13363148272037506, "JePatchTST_True_True_revin": 0.10535959154367447, "JePatchTST_True_False_revin": 0.21217787265777588, "JePatchTST_False_False_revin": 0.12767580151557922}, "exchange_rate": {"JePatchTST_True_True": 0.10769767314195633, "JePatchTST_True_False": 2.803595542907715, "JePatchTST_False_False": 0.24226725101470947, "JePatchTST_True_True_revin": 0.06460880488157272, "JePatchTST_True_False_revin": 0.14523783326148987, "JePatchTST_False_False_revin": 0.07689931988716125}, "exchange_rate_univariate": {"JePatchTST_True_True": 0.1244869977235794, "JePatchTST_True_False": 2.900402545928955, "JePatchTST_False_False": 0.5829728245735168, "JePatchTST_True_True_revin": 0.08812516927719116, "JePatchTST_True_False_revin": 0.23912423849105835, "JePatchTST_False_False_revin": 0.1321144551038742}, "weather": {"JePatchTST_True_True": 0.16417822241783142, "JePatchTST_True_False": 0.563831090927124, "JePatchTST_False_False": 0.1765245944261551, "JePatchTST_True_True_revin": 0.15470312535762787, "JePatchTST_True_False_revin": 0.2217061072587967, "JePatchTST_False_False_revin": 0.16714490950107574}, "weather_univariate": {"JePatchTST_True_True": 0.00612653000280261, "JePatchTST_True_False": 0.033794041723012924, "JePatchTST_False_False": 0.006046279799193144, "JePatchTST_True_True_revin": 0.0018539377488195896, "JePatchTST_True_False_revin": 0.001793056377209723, "JePatchTST_False_False_revin": 0.0015511569799855351}, "national_illness": {"JePatchTST_True_True": 5.009808540344238, "JePatchTST_True_False": 4.552387714385986, "JePatchTST_False_False": 3.8857176303863525, "JePatchTST_True_True_revin": 3.1685855388641357, "JePatchTST_True_False_revin": 3.2813851833343506, "JePatchTST_False_False_revin": 1.9882432222366333}, "national_illness_univariate": {"JePatchTST_True_True": 4.205406188964844, "JePatchTST_True_False": 3.1679372787475586, "JePatchTST_False_False": 3.981661319732666, "JePatchTST_True_True_revin": 1.4516491889953613, "JePatchTST_True_False_revin": 1.3591489791870117, "JePatchTST_False_False_revin": 1.1682344675064087}}