{"etth1": {"JePatchTST_True_True": 0.512409371989114, "JePatchTST_True_False": 0.5054538654429572, "JePatchTST_False_False": 0.46195268418107716}, "etth2": {"JePatchTST_True_True": 0.20169941389134952, "JePatchTST_True_False": 0.21384957592402185, "JePatchTST_False_False": 0.1822871363588742}, "ettm1_univariate": {"JePatchTST_True_True": 0.04841311111707579, "JePatchTST_True_False": 0.09145349474115805, "JePatchTST_False_False": 0.052843912453813986}, "ettm2_univariate": {"JePatchTST_True_True": 0.14394407042048193, "JePatchTST_True_False": 0.23162995874881745, "JePatchTST_False_False": 0.13094070106744765}, "ettm1": {"JePatchTST_True_True": 0.5368951531973752, "JePatchTST_True_False": 0.5425967043096369, "JePatchTST_False_False": 0.49926839037375015}, "ettm2": {"JePatchTST_True_True": 0.13782825395464898, "JePatchTST_True_False": 0.17334055399352855, "JePatchTST_False_False": 0.12992692698131908}, "etth1_univariate": {"JePatchTST_True_True": 0.10424812816615615, "JePatchTST_True_False": 0.1914066251899515, "JePatchTST_False_False": 0.18452321019555842}, "etth2_univariate": {"JePatchTST_True_True": 0.35655670666268896, "JePatchTST_True_False": 0.34727175320897785, "JePatchTST_False_False": 0.3047931604087353}, "exchange_rate": {"JePatchTST_True_True": 0.08904018501440684, "JePatchTST_True_False": 0.1797159252067407, "JePatchTST_False_False": 0.15336043139298758}, "exchange_rate_univariate": {"JePatchTST_True_True": 0.08156260289251804, "JePatchTST_True_False": 0.13869652897119522, "JePatchTST_False_False": 0.08038712354997794}, "weather": {"JePatchTST_True_True": 0.26468481886677625, "JePatchTST_True_False": 0.36844437224109, "JePatchTST_False_False": 0.2830277383327484}, "weather_univariate": {"JePatchTST_True_True": 0.00611485592756852, "JePatchTST_True_False": 0.006168219725112998, "JePatchTST_False_False": 0.006109079803913695}, "national_illness": {"JePatchTST_True_True": 5.211081504821777, "JePatchTST_True_False": 5.239290714263916, "JePatchTST_False_False": 4.539080619812012}, "national_illness_univariate": {"JePatchTST_True_True": 4.431843280792236, "JePatchTST_True_False": 4.854428768157959, "JePatchTST_False_False": 4.515575885772705}}