{"etth1": {"JePatchTST_True_True": 0.5204450488090515, "JePatchTST_True_False": 0.5124996304512024, "JePatchTST_False_False": 0.46974408626556396, "JePatchTST_True_True_revin": 0.5099353790283203, "JePatchTST_True_False_revin": 0.5280461311340332, "JePatchTST_False_False_revin": 0.4743042290210724}, "etth2": {"JePatchTST_True_True": 0.20681488513946533, "JePatchTST_True_False": 0.21803578734397888, "JePatchTST_False_False": 0.18642884492874146, "JePatchTST_True_True_revin": 0.17431622743606567, "JePatchTST_True_False_revin": 0.18042577803134918, "JePatchTST_False_False_revin": 0.17594154179096222}, "ettm1_univariate": {"JePatchTST_True_True": 0.048699770122766495, "JePatchTST_True_False": 0.09257158637046814, "JePatchTST_False_False": 0.05318257585167885, "JePatchTST_True_True_revin": 0.04143908619880676, "JePatchTST_True_False_revin": 0.04267026111483574, "JePatchTST_False_False_revin": 0.042118847370147705}, "ettm2_univariate": {"JePatchTST_True_True": 0.14603745937347412, "JePatchTST_True_False": 0.23447486758232117, "JePatchTST_False_False": 0.13277079164981842, "JePatchTST_True_True_revin": 0.13301976025104523, "JePatchTST_True_False_revin": 0.14649909734725952, "JePatchTST_False_False_revin": 0.12437760829925537}, "ettm1": {"JePatchTST_True_True": 0.5372290015220642, "JePatchTST_True_False": 0.5448673367500305, "JePatchTST_False_False": 0.5009781122207642, "JePatchTST_True_True_revin": 0.6281053423881531, "JePatchTST_True_False_revin": 0.6568552255630493, "JePatchTST_False_False_revin": 0.561298131942749}, "ettm2": {"JePatchTST_True_True": 0.13811208307743073, "JePatchTST_True_False": 0.1739548295736313, "JePatchTST_False_False": 0.13051047921180725, "JePatchTST_True_True_revin": 0.126541405916214, "JePatchTST_True_False_revin": 0.1316920518875122, "JePatchTST_False_False_revin": 0.12562888860702515}, "etth1_univariate": {"JePatchTST_True_True": 0.10760278254747391, "JePatchTST_True_False": 0.197138249874115, "JePatchTST_False_False": 0.1900266855955124, "JePatchTST_True_True_revin": 0.1041674092411995, "JePatchTST_True_False_revin": 0.10581119358539581, "JePatchTST_False_False_revin": 0.10455227643251419}, "etth2_univariate": {"JePatchTST_True_True": 0.3639078438282013, "JePatchTST_True_False": 0.35064083337783813, "JePatchTST_False_False": 0.30770695209503174, "JePatchTST_True_True_revin": 0.26404812932014465, "JePatchTST_True_False_revin": 0.27263012528419495, "JePatchTST_False_False_revin": 0.259162575006485}, "exchange_rate": {"JePatchTST_True_True": 0.08617846667766571, "JePatchTST_True_False": 0.18035714328289032, "JePatchTST_False_False": 0.1551113873720169, "JePatchTST_True_True_revin": 0.05679808184504509, "JePatchTST_True_False_revin": 0.059326499700546265, "JePatchTST_False_False_revin": 0.058288756757974625}, "exchange_rate_univariate": {"JePatchTST_True_True": 0.08500899374485016, "JePatchTST_True_False": 0.1424277424812317, "JePatchTST_False_False": 0.08305704593658447, "JePatchTST_True_True_revin": 0.0761926993727684, "JePatchTST_True_False_revin": 0.07489772140979767, "JePatchTST_False_False_revin": 0.07711989432573318}, "weather": {"JePatchTST_True_True": 0.26578599214553833, "JePatchTST_True_False": 0.36914151906967163, "JePatchTST_False_False": 0.2819664180278778, "JePatchTST_True_True_revin": 0.19803279638290405, "JePatchTST_True_False_revin": 0.23673012852668762, "JePatchTST_False_False_revin": 0.23390549421310425}, "weather_univariate": {"JePatchTST_True_True": 0.006136289797723293, "JePatchTST_True_False": 0.006189293693751097, "JePatchTST_False_False": 0.006130443885922432, "JePatchTST_True_True_revin": 0.0017837873892858624, "JePatchTST_True_False_revin": 0.0016611299943178892, "JePatchTST_False_False_revin": 0.00160889548715204}, "national_illness": {"JePatchTST_True_True": 5.211014270782471, "JePatchTST_True_False": 5.239291191101074, "JePatchTST_False_False": 4.5392351150512695, "JePatchTST_True_True_revin": 4.245203018188477, "JePatchTST_True_False_revin": 3.489814043045044, "JePatchTST_False_False_revin": 2.9880588054656982}, "national_illness_univariate": {"JePatchTST_True_True": 4.431843280792236, "JePatchTST_True_False": 4.854428768157959, "JePatchTST_False_False": 4.515575885772705, "JePatchTST_True_True_revin": 1.2150839567184448, "JePatchTST_True_False_revin": 1.2771939039230347, "JePatchTST_False_False_revin": 1.0468624830245972}}