{"etth1_univariate": {"JePatchTST_True_True": 0.10745062093649592, "JePatchTST_True_False": 0.47076811109270367, "JePatchTST_False_False": 0.16665123775601387, "JePatchTST_True_True_revin": 0.09408848453313112, "JePatchTST_True_False_revin": 0.11747021307902676, "JePatchTST_False_False_revin": 0.12248270053948675}, "etth1": {"JePatchTST_True_True": 0.4473283290863037, "JePatchTST_True_False": 1.1778132447174616, "JePatchTST_False_False": 0.4573474313531603, "JePatchTST_True_True_revin": 0.449928988303457, "JePatchTST_True_False_revin": 1.2345484495162964, "JePatchTST_False_False_revin": 0.4697823247739247}, "etth2": {"JePatchTST_True_True_revin": 0.1706352388220174, "JePatchTST_True_False_revin": 0.2324796707502433, "JePatchTST_False_False_revin": 0.1957439019211701, "JePatchTST_True_True": 0.19642688546861922, "JePatchTST_True_False": 0.7333901737417493, "JePatchTST_False_False": 0.2037238468016897}, "etth2_univariate": {"JePatchTST_True_True_revin": 0.21724401361175946, "JePatchTST_True_False_revin": 0.3386347379003252, "JePatchTST_False_False_revin": 0.33534727671316694, "JePatchTST_True_True": 0.2651515177318028, "JePatchTST_True_False": 0.8391528789486203, "JePatchTST_False_False": 0.27343875063317163}, "ettm1": {"JePatchTST_True_True_revin": 0.41713167239319193, "JePatchTST_True_False_revin": 0.951197682727467, "JePatchTST_True_True": 0.4074022610079158, "JePatchTST_True_False": 1.1936181805350563, "JePatchTST_False_False": 0.4739191933111711, "JePatchTST_False_False_revin": 0.48485395231030204}, "ettm1_univariate": {"JePatchTST_True_True": 0.05043223015964031, "JePatchTST_True_False": 0.5177343466065146, "JePatchTST_False_False": 0.07265347096730362, "JePatchTST_True_True_revin": 0.042786327614025635, "JePatchTST_True_False_revin": 0.07088288161903619, "JePatchTST_False_False_revin": 0.05735303048383106}, "ettm2": {"JePatchTST_True_True": 0.11382382593371651, "JePatchTST_True_False": 0.801719346371564, "JePatchTST_False_False": 0.1264353767714717, "JePatchTST_True_True_revin": 0.11575821814211933, "JePatchTST_True_False_revin": 0.19801394803957506, "JePatchTST_False_False_revin": 0.1478664558719505}, "ettm2_univariate": {"JePatchTST_True_True": 0.1160357032309879, "JePatchTST_True_False": 0.682938362793489, "JePatchTST_False_False": 0.13194084712727502, "JePatchTST_True_True_revin": 0.10406729518012567, "JePatchTST_True_False_revin": 0.21183814663778652, "JePatchTST_False_False_revin": 0.12645194527100434}, "exchange_rate": {"JePatchTST_True_True": 0.10936236629883449, "JePatchTST_True_False": 2.6829102436701455, "JePatchTST_False_False": 0.23618710786104202, "JePatchTST_True_True_revin": 0.06556692657371362, "JePatchTST_True_False_revin": 0.14671501020590463, "JePatchTST_False_False_revin": 0.07798128699262936}, "exchange_rate_univariate": {"JePatchTST_True_True": 0.1176666331787904, "JePatchTST_True_False": 2.7031037161747613, "JePatchTST_False_False": 0.5423296199490627, "JePatchTST_True_True_revin": 0.08584475641449292, "JePatchTST_True_False_revin": 0.23111984382073084, "JePatchTST_False_False_revin": 0.12944425021608671}, "weather": {"JePatchTST_True_True": 0.1636543143086317, "JePatchTST_True_False": 0.5629349292778387}}