{"etth1_univariate": {"JePatchTST_True_True": 0.10745062093649592, "JePatchTST_True_False": 0.47076811109270367, "JePatchTST_False_False": 0.16665123775601387}, "etth1": {"JePatchTST_True_True": 0.4473283290863037, "JePatchTST_True_False": 1.1778132447174616, "JePatchTST_False_False": 0.4573474313531603}}