{"signals_classification": {"JEPAtchTST_True_True": 0.5536999106407166, "JEPAtchTST_True_False": 0.7727060914039612, "JEPAtchTST_False_False": 0.8969677686691284}}