{"signals_classification": {"JePatchTST_True_True": 0.7400000095367432, "JePatchTST_True_False": 0.800000011920929, "JePatchTST_False_False": 0.9066666960716248}}